{
  "split": "70/30 edge-disjoint",
  "T1_test": {
    "R@20": 0.025944444444444444,
    "MRR": 0.014896343212528746,
    "details": {
      "recall_at_k": {
        "5": {
          "predictor": 0.0038888888888888883,
          "cosine": 0.0,
          "bilinear": 0.0
        },
        "10": {
          "predictor": 0.013999999999999997,
          "cosine": 0.0,
          "bilinear": 0.0
        },
        "20": {
          "predictor": 0.025944444444444444,
          "cosine": 0.0,
          "bilinear": 0.0
        },
        "50": {
          "predictor": 0.04061111111111111,
          "cosine": 0.0,
          "bilinear": 0.0
        }
      },
      "mrr": {
        "predictor": 0.014896343212528746,
        "cosine": 0.00013514545179145918,
        "bilinear": 0.00013637746723586008
      }
    }
  },
  "T1_train": {
    "R@20": 0.537218253968254,
    "MRR": 0.6727979258113618,
    "details": {
      "recall_at_k": {
        "5": {
          "predictor": 0.447388888888889,
          "cosine": 0.0,
          "bilinear": 0.0
        },
        "10": {
          "predictor": 0.5067539682539682,
          "cosine": 0.0,
          "bilinear": 0.0
        },
        "20": {
          "predictor": 0.537218253968254,
          "cosine": 0.0,
          "bilinear": 0.0
        },
        "50": {
          "predictor": 0.560133597883598,
          "cosine": 0.0,
          "bilinear": 0.0
        }
      },
      "mrr": {
        "predictor": 0.6727979258113618,
        "cosine": 0.00018482619560302935,
        "bilinear": 0.00022118860817051185
      }
    }
  },
  "T2_split": {
    "pure_test": {
      "10": {
        "pred_1hop": 0.0,
        "pred_2hop": 0.0,
        "pred_3hop": 0.0,
        "cosine": 0.0,
        "bilinear": 0.0
      },
      "20": {
        "pred_1hop": 0.0,
        "pred_2hop": 0.0,
        "pred_3hop": 0.0,
        "cosine": 0.0,
        "bilinear": 0.0
      },
      "50": {
        "pred_1hop": 0.0,
        "pred_2hop": 0.0,
        "pred_3hop": 0.005,
        "cosine": 0.0,
        "bilinear": 0.0
      }
    },
    "train_to_test": {
      "10": {
        "pred_1hop": 0.0,
        "pred_2hop": 0.005,
        "pred_3hop": 0.005,
        "cosine": 0.0,
        "bilinear": 0.0
      },
      "20": {
        "pred_1hop": 0.01,
        "pred_2hop": 0.01,
        "pred_3hop": 0.005,
        "cosine": 0.0,
        "bilinear": 0.0
      },
      "50": {
        "pred_1hop": 0.01,
        "pred_2hop": 0.015,
        "pred_3hop": 0.005,
        "cosine": 0.0,
        "bilinear": 0.0
      }
    }
  },
  "loss": 0.406671560557602,
  "time": 334.69905614852905,
  "train_associations": 169750,
  "test_associations": 72750
}