{
  "legacy_metrics": {
    "transitive": {
      "cross_room": {
        "10": {
          "pred_1hop": 0.43,
          "pred_2hop": 0.295,
          "pred_3hop": 0.25,
          "cosine": 0.0,
          "bilinear": 0.0
        },
        "20": {
          "pred_1hop": 0.455,
          "pred_2hop": 0.355,
          "pred_3hop": 0.28,
          "cosine": 0.0,
          "bilinear": 0.0
        },
        "50": {
          "pred_1hop": 0.47,
          "pred_2hop": 0.4,
          "pred_3hop": 0.365,
          "cosine": 0.0,
          "bilinear": 0.0
        }
      },
      "same_room": {
        "10": {
          "pred_1hop": 0.38,
          "pred_2hop": 0.325,
          "pred_3hop": 0.235,
          "cosine": 0.065,
          "bilinear": 0.035
        },
        "20": {
          "pred_1hop": 0.435,
          "pred_2hop": 0.355,
          "pred_3hop": 0.31,
          "cosine": 0.145,
          "bilinear": 0.05
        },
        "50": {
          "pred_1hop": 0.48,
          "pred_2hop": 0.44,
          "pred_3hop": 0.4,
          "cosine": 0.255,
          "bilinear": 0.11
        }
      }
    },
    "transitive_headline": {
      "cross_room_2hop_R@20": 0.355,
      "cosine": 0.0
    },
    "decay": {
      "with_decay": 0.6074074074074074,
      "without_decay": 0.42407407407407405
    }
  },
  "multi_seed": {
    "42": {
      "association_precision": {
        "1": {
          "predictor": 0.966,
          "cosine": 0.0,
          "bilinear": 0.022
        },
        "5": {
          "predictor": 0.702,
          "cosine": 0.08480000000000001,
          "bilinear": 0.042
        },
        "10": {
          "predictor": 0.4068,
          "cosine": 0.0628,
          "bilinear": 0.0342
        },
        "20": {
          "predictor": 0.2155,
          "cosine": 0.0454,
          "bilinear": 0.0235
        },
        "50": {
          "predictor": 0.09248000000000002,
          "cosine": 0.027039999999999998,
          "bilinear": 0.016
        }
      },
      "cross_boundary_recall": {
        "1": {
          "predictor": 0.08774047619047619,
          "cosine": 0.0,
          "bilinear": 0.0
        },
        "5": {
          "predictor": 0.3301666666666666,
          "cosine": 0.0,
          "bilinear": 0.0
        },
        "10": {
          "predictor": 0.3935698412698413,
          "cosine": 0.0,
          "bilinear": 0.0
        },
        "20": {
          "predictor": 0.419447619047619,
          "cosine": 0.0003333333333333333,
          "bilinear": 0.0
        },
        "50": {
          "predictor": 0.44147063492063493,
          "cosine": 0.0003333333333333333,
          "bilinear": 0.0
        }
      },
      "mrr": {
        "predictor": 0.6306102998953192,
        "cosine": 0.0003215023073606758,
        "bilinear": 0.00024717151081147864
      },
      "discrimination_auc_all": {
        "predictor": 0.9158232347883597,
        "cosine": 0.789231707010582,
        "bilinear": 0.7924739126984127
      },
      "discrimination_auc_xroom": {
        "predictor": 0.8526029593042891,
        "cosine": 0.5033465699932456,
        "bilinear": 0.5204676766717325
      },
      "specificity": {
        "predictor": 0.33978700007804413,
        "cosine": 0.0,
        "bilinear": 0.0
      },
      "nearest_rank": {
        "predictor_median": 2.0,
        "predictor_mean": 1344.085,
        "cosine_median": 9167.0,
        "cosine_mean": 10931.625
      },
      "n_queries": {
        "ap": 500,
        "cbr": 500,
        "auc": 300,
        "auc_xroom": 188,
        "spec": 300
      },
      "loss": 0.4084969471635111,
      "train_time": 314.79229044914246,
      "seed": 42
    },
    "123": {
      "association_precision": {
        "1": {
          "predictor": 0.976,
          "cosine": 0.0,
          "bilinear": 0.012
        },
        "5": {
          "predictor": 0.7044,
          "cosine": 0.08480000000000001,
          "bilinear": 0.0388
        },
        "10": {
          "predictor": 0.4074,
          "cosine": 0.0628,
          "bilinear": 0.0308
        },
        "20": {
          "predictor": 0.2161,
          "cosine": 0.0454,
          "bilinear": 0.0221
        },
        "50": {
          "predictor": 0.0922,
          "cosine": 0.027039999999999998,
          "bilinear": 0.01624
        }
      },
      "cross_boundary_recall": {
        "1": {
          "predictor": 0.08917301587301588,
          "cosine": 0.0,
          "bilinear": 0.0
        },
        "5": {
          "predictor": 0.32626904761904757,
          "cosine": 0.0,
          "bilinear": 0.0
        },
        "10": {
          "predictor": 0.39276428571428573,
          "cosine": 0.0,
          "bilinear": 0.0
        },
        "20": {
          "predictor": 0.42195952380952384,
          "cosine": 0.0003333333333333333,
          "bilinear": 0.0
        },
        "50": {
          "predictor": 0.44725714285714285,
          "cosine": 0.0003333333333333333,
          "bilinear": 0.0
        }
      },
      "mrr": {
        "predictor": 0.6321819276670765,
        "cosine": 0.0003215023073606758,
        "bilinear": 0.0002234617957891805
      },
      "discrimination_auc_all": {
        "predictor": 0.9154281322751323,
        "cosine": 0.789231707010582,
        "bilinear": 0.7926199847883598
      },
      "discrimination_auc_xroom": {
        "predictor": 0.8462545159996624,
        "cosine": 0.5033465699932456,
        "bilinear": 0.513623994216481
      },
      "specificity": {
        "predictor": 0.33212305616702015,
        "cosine": 0.0,
        "bilinear": 0.0
      },
      "nearest_rank": {
        "predictor_median": 2.0,
        "predictor_mean": 1304.535,
        "cosine_median": 9167.0,
        "cosine_mean": 10931.625
      },
      "n_queries": {
        "ap": 500,
        "cbr": 500,
        "auc": 300,
        "auc_xroom": 188,
        "spec": 300
      },
      "loss": 0.4093942297694018,
      "train_time": 325.59517526626587,
      "seed": 123
    },
    "456": {
      "association_precision": {
        "1": {
          "predictor": 0.968,
          "cosine": 0.0,
          "bilinear": 0.01
        },
        "5": {
          "predictor": 0.7028,
          "cosine": 0.08480000000000001,
          "bilinear": 0.0316
        },
        "10": {
          "predictor": 0.405,
          "cosine": 0.0628,
          "bilinear": 0.025400000000000002
        },
        "20": {
          "predictor": 0.2152,
          "cosine": 0.0454,
          "bilinear": 0.0215
        },
        "50": {
          "predictor": 0.09308000000000001,
          "cosine": 0.027039999999999998,
          "bilinear": 0.015
        }
      },
      "cross_boundary_recall": {
        "1": {
          "predictor": 0.0871547619047619,
          "cosine": 0.0,
          "bilinear": 0.0
        },
        "5": {
          "predictor": 0.33290000000000003,
          "cosine": 0.0,
          "bilinear": 0.0
        },
        "10": {
          "predictor": 0.3968388888888889,
          "cosine": 0.0,
          "bilinear": 0.0
        },
        "20": {
          "predictor": 0.42299126984126983,
          "cosine": 0.0003333333333333333,
          "bilinear": 0.0
        },
        "50": {
          "predictor": 0.44418174603174604,
          "cosine": 0.0003333333333333333,
          "bilinear": 0.0
        }
      },
      "mrr": {
        "predictor": 0.6353156729570839,
        "cosine": 0.0003215023073606758,
        "bilinear": 0.00025079304197872597
      },
      "discrimination_auc_all": {
        "predictor": 0.9156267698412698,
        "cosine": 0.789231707010582,
        "bilinear": 0.7883212612433863
      },
      "discrimination_auc_xroom": {
        "predictor": 0.8467724449088148,
        "cosine": 0.5033465699932456,
        "bilinear": 0.5090432233620399
      },
      "specificity": {
        "predictor": 0.34131637686482663,
        "cosine": 0.0,
        "bilinear": 0.0
      },