{
  "config": {
    "epochs": 500,
    "hidden_dim": 1024,
    "object_scale": 2.5,
    "n_salient": 10,
    "best_loss": 1.1705388773460776
  },
  "T1_check": {
    "R@20": 0.10604928989139516
  },
  "direct_cross_traj": {
    "n_test": 500,
    "recall": {
      "20": {
        "pred": 0.0068120023767082585,
        "cos": 0.0016151515151515152
      },
      "50": {
        "pred": 0.012301740089975387,
        "cos": 0.005965482556659028
      },
      "100": {
        "pred": 0.02239445815622286,
        "cos": 0.012584649990532343
      }
    },
    "mrr": {
      "pred": 0.012001290700784501,
      "cos": 0.004909992452017804
    }
  },
  "bridging_2hop": {
    "K=50": {
      "approaches": {
        "pred_1hop": {
          "MRR": 0.000463691183368469,
          "R@20": 0.0,
          "R@50": 0.0005714285714285714,
          "R@100": 0.0011428571428571427
        },
        "pred_weighted": {
          "MRR": 0.0005220789666277638,
          "R@20": 0.0,
          "R@50": 0.0002857142857142857,
          "R@100": 0.0008571428571428571
        },
        "dendritic_unweighted": {
          "MRR": 0.000526974448560077,
          "R@20": 0.0,
          "R@50": 0.0002857142857142857,
          "R@100": 0.0008571428571428571
        },
        "dendritic_softmax": {
          "MRR": 0.0006243910479947319,
          "R@20": 0.0,
          "R@50": 0.0008571428571428571,
          "R@100": 0.0008571428571428571
        },
        "hybrid_hop2_0.5": {
          "MRR": 0.0004546144932053106,
          "R@20": 0.0,
          "R@50": 0.0002857142857142857,
          "R@100": 0.0011428571428571427
        },
        "cosine_hop2": {
          "MRR": 0.0004304225319333276,
          "R@20": 0.0,
          "R@50": 0.0,
          "R@100": 0.0008571428571428571
        },
        "cosine_direct": {
          "MRR": 0.000524181770386398,
          "R@20": 0.0,
          "R@50": 0.0005714285714285714,
          "R@100": 0.0011428571428571427
        }
      },
      "diagnostics": {
        "bridge_in_topk_pct": 8.6,
        "target_from_bridge_pct": 0.2
      }
    },
    "K=200": {
      "approaches": {
        "pred_1hop": {
          "MRR": 0.000463691183368469,
          "R@20": 0.0,
          "R@50": 0.0005714285714285714,
          "R@100": 0.0011428571428571427
        },
        "pred_weighted": {
          "MRR": 0.0004457788658911751,
          "R@20": 0.0,
          "R@50": 0.0,
          "R@100": 0.0002857142857142857
        },
        "dendritic_unweighted": {
          "MRR": 0.00044831032382894125,
          "R@20": 0.0,
          "R@50": 0.0,
          "R@100": 0.0002857142857142857
        },
        "dendritic_softmax": {
          "MRR": 0.0004972688790039699,
          "R@20": 0.0,
          "R@50": 0.0002857142857142857,
          "R@100": 0.0008571428571428571
        },
        "hybrid_hop2_0.5": {
          "MRR": 0.0004286808173101644,
          "R@20": 0.0,
          "R@50": 0.0,
          "R@100": 0.0008571428571428571
        },
        "cosine_hop2": {
          "MRR": 0.00042725182791078005,
          "R@20": 0.0,
          "R@50": 0.0,
          "R@100": 0.0011428571428571427
        },
        "cosine_direct": {
          "MRR": 0.000524181770386398,
          "R@20": 0.0,
          "R@50": 0.0005714285714285714,
          "R@100": 0.0011428571428571427
        }
      },
      "diagnostics": {
        "bridge_in_topk_pct": 13.4,
        "target_from_bridge_pct": 0.2
      }
    }
  },
  "total_time": 348.8408205509186
}