{
  "run_name": "exp1_500epochs",
  "timestamp": "20260207_115431",
  "config": {
    "embedding_dim": 128,
    "num_rooms": 20,
    "num_objects": 50,
    "num_trajectories": 500,
    "trajectory_length": 100,
    "temporal_window": 5
  },
  "training": {
    "predictor_best_loss": 1.6093160737588856,
    "bilinear_best_loss": 4.831402158842303,
    "num_epochs": 500,
    "hidden_dim": 512,
    "lr_start": 0.0005,
    "lr_end": 1e-05,
    "temp_start": 0.15,
    "temp_end": 0.05,
    "loss_history": [
      5.221043331304454,
      5.0130694148992365,
      4.9710321025080635,
      4.937412262076319,
      4.908805954722697,
      4.88458523644694,
      4.8624862784782765,
      4.842646998396879,
      4.82457551284754,
      4.8068712003469685,
      4.7889856719068975,
      4.771653848637321,
      4.752389039498686,
      4.735317784506584,
      4.717503715527827,
      4.699394292585483,
      4.68155582258844,
      4.665462832276371,
      4.649165147895702,
      4.633442701129486,
      4.618468969224475,
      4.604750853294192,
      4.590827096513104,
      4.577080884638338,
      4.563718757948037,
      4.551338485041923,
      4.539563643501614,
      4.526422170535393,
      4.514630672835411,
      4.503541905497903,
      4.492387064778696,
      4.480980867395428,
      4.468572934655288,
      4.458533068238973,
      4.448006901788885,
      4.437727690814555,
      4.426743206551194,
      4.416261980368438,
      4.406906081908623,
      4.396241514820681,
      4.385772139638475,
      4.375322152760165,
      4.365615688070051,
      4.3552458183602685,
      4.346465035134015,
      4.337519495645776,
      4.327231915224469,
      4.318178833940684,
      4.308579044224253,
      4.2997524312873185,
      4.289869480562147,
      4.281785873460471,
      4.27249408575977,
      4.2641154680272315,
      4.254884372857043,
      4.246319962547338,
      4.238332428927772,
      4.229646136970241,
      4.2216568752162225,
      4.21374821565488,
      4.205066291736279,
      4.1979365096011225,
      4.189611398905449,
      4.181645853568975,
      4.17436416347549,
      4.1668346420587055,
      4.159683495248135,
      4.151957802537489,
      4.14489404666565,
      4.137737406203584,
      4.1303008028772705,
      4.1238932032168725,
      4.117138259475759,
      4.110325382454282,
      4.103216977323353,
      4.096496372637258,
      4.089247364567615,
      4.0832402749232894,
      4.0764922427759505,
      4.0708587418116196,
      4.063544601904442,
      4.0572779665180985,
      4.050624619142306,
      4.0446755825020535,
      4.038333205665815,
      4.0320087885533225,
      4.026184373593935,
      4.019883333731762,
      4.013858518015783,
      4.007694027462193,
      4.002234320831011,
      3.9967142361249146,
      3.9907927029614707,
      3.9846806820934373,
      3.979018645856269,
      3.9730680085605643,
      3.966845166034841,
      3.9608448405168897,
      3.955978938241424,
      3.9505058179207286,
      3.943829766357169,
      3.9391032714976184,
      3.9328700774738192,
      3.928118638185579,
      3.92271995771316,
      3.917258330850983,
      3.911560201114031,
      3.9060937240898963,
      3.9004117947069044,
      3.894700529373453,
      3.889347774581013,
      3.883659892012209,
      3.8786400778371988,
      3.873025596385503,
      3.8682899272010105,
      3.8625007588590967,
      3.8570593934373525,
      3.852226812462709,
      3.8466536335507304,
      3.8418317193950395,
      3.8360540824672666,
      3.831001427574215,
      3.826163578146869,
      3.819673073735441,
      3.8146330514104774,
      3.8094777332113816,
      3.803565298537773,
      3.7985586495221226,
      3.7932877640370695,
      3.787979843194069,
      3.782732855747892,
      3.7776401415032623,
      3.771197281477369,
      3.7660554073034227,
      3.7612133275658386,
      3.755664464465024,
      3.7511901809634,
      3.744942641212007,
      3.7397233853963403,
      3.7348802249563415,
      3.7290390360637025,
      3.7240776622512364,
      3.718785140857104,
      3.7132225228300153,
      3.7076402610739665,
      3.703281585230093,
      3.696537312629692,
      3.6917321294419896,
      3.685231578305564,
      3.6798434752767166,
      3.674917312341602,
      3.6692639644097444,
      3.6631130193429877,
      3.6582868360243572,
      3.653039524750571,
      3.647769739000643,
      3.642075604540884,
      3.636467114982827,
      3.63058899892565,
      3.6245801737133854,
      3.6194781838485506,
      3.6148035673597807,
      3.6080229334508376,
      3.6019514070164047,
      3.5969375274235635,
      3.5913469624665693,
      3.585892436655413,
      3.57996018466234,
      3.573598282339297,
      3.5682087308303583,
      3.562134997089246,
      3.556974687173763,
      3.55072435248598,
      3.544845957540745,
      3.5389601315929156,
      3.533848309339231,
      3.5278660061012594,
      3.5213676533637224,
      3.5159811813921205,
      3.5103095121584507,
      3.503954659290725,
      3.4977048990910036,
      3.4913574043542264,
      3.484857502870797,
      3.479094874848747,
      3.473446774182753,
      3.4669459449390874,
      3.461824628634697,
      3.454940621181104,
      3.449076494131249,
      3.442830637212666,
      3.4369437599488175,
      3.43021393248863,
      3.4245320942490047,
      3.418435821785821,
      3.4120170498289344,
      3.4060780331834475,
      3.3997025307228568,
      3.393214774427559,
      3.386539641600158,
      3.3794276191273056,
      3.3730023285605064,
      3.3674749426542343,
      3.361196484602711,
      3.3552273506040917,
      3.348062832345666,
      3.3420917188527297,
      3.3349701667045477,
      3.328423494679601,
      3.3224018864110234,
      3.315426511099281,
      3.307999064986455,
      3.3018380442255855,
      3.2954134318569785,
      3.289782143138057,
      3.2822288705746856,
      3.2756794327733867,
      3.2687235526596132,
      3.261284585285679,
      3.254750327934983,
      3.2483120498047273,
      3.2412218258587626,
      3.2347507620428266,
      3.2276713685072385,
      3.22055536145066,
      3.213756608820642,
      3.206314849760302,
      3.2003785529237865,
      3.1935402765015777,
      3.1857143412271114,
      3.1786411668123797,
      3.172233854353234,
      3.165004274951027,
      3.157589535322593,
      3.1502628621344266,
      3.143224600476001,
      3.1354293514061795,
      3.1295741059477407,
      3.1214715869334313,
      3.1145665429957257,
      3.107616994909915,
      3.0995526510901166,
      3.0924026743740622,
      3.0853649344987537,
      3.0781219825946216,
      3.0710952289470392,
      3.064017575334954,
      3.0566186079716506,
      3.0487591142424795,
      3.0410516373838634,
      3.0334634022341427,
      3.0270061890837283,
      3.019300790388619,
      3.0118549845264924,
      3.0033311081687812,
      2.995485782833549,
      2.9891096426844235,
      2.9807938296665215,
      2.974315066761861,
      2.966566723982854,
      2.957953422777604,
      2.951162071879703,
      2.9431376904059605,
      2.93572606773952,
      2.928248777754879,
      2.9207715475637386,
      2.912782959457822,
      2.9046870424233706,
      2.8970686747274352,
      2.8891076448458457,
      2.881869871971785,
      2.873833200406324,
      2.8657916982760296,
      2.858992535597727,
      2.8496778806060585,
      2.8424617291750076,
      2.83378198508396,
      2.8269561286863105,
      2.8195081157451147,
      2.811660945172802,
      2.8035124771706403,
      2.794880566100828,
      2.786063678862101,
      2.7789251615900064,
      2.771275401063877,
      2.763959161759731,
      2.756455579149178,
      2.747282213558509,
      2.739830122335015,
      2.7320675420504204,
      2.723357434970141,
      2.7157911293799297,
      2.7081490001280386,
      2.699484521693671,
      2.692414206522172,
