{
  "name": "exp2_1024hidden",
  "config": {
    "epochs": 500,
    "hidden_dim": 1024,
    "num_trajectories": 500,
    "num_states": 50000,
    "batch_size": 512,
    "lr_start": 0.0005,
    "lr_end": 1e-05,
    "temp_start": 0.15,
    "temp_end": 0.05
  },
  "training": {
    "best_loss": 0.2867595613839067,
    "training_time_sec": 147.07673168182373,
    "epochs_per_min": 203.9751608357742,
    "parameters": 1313152
  },
  "results": {
    "test1_r20_predictor": 0.21770370370370368,
    "test1_r20_cosine": 0.0,
    "test1_r20_bilinear": 0.0,
    "details": {
      "recall_at_k": {
        "5": {
          "predictor": 0.23483333333333334,
          "cosine": 0.0,
          "bilinear": 0.0
        },
        "10": {
          "predictor": 0.2060661375661376,
          "cosine": 0.0,
          "bilinear": 0.0
        },
        "20": {
          "predictor": 0.21770370370370368,
          "cosine": 0.0,
          "bilinear": 0.0
        },
        "50": {
          "predictor": 0.23106878306878306,
          "cosine": 0.0,
          "bilinear": 0.0
        }
      },
      "mrr": {
        "predictor": 0.5301742656373533,
        "cosine": 0.0002002957653355389,
        "bilinear": 0.0002346994635100542
      }
    }
  }
}