{
  "config": {
    "epochs": 500,
    "hidden_dim": 1024,
    "cross_traj_strength": 0.3,
    "best_loss": 0.702427822716382,
    "training_time": 170.41752982139587
  },
  "T1_check": {
    "R@20": 0.20733333333333334,
    "MRR": 0.709687947374656
  },
  "n_test_cases": 500,
  "spreading_results": {
    "K=50": {
      "approaches": {
        "pred_1hop": {
          "MRR": 0.001253177315196248,
          "R@20": 0.0005714285714285714,
          "R@50": 0.001714285714285714,
          "R@100": 0.0025
        },
        "pred_weighted": {
          "MRR": 0.0006895154978196561,
          "R@20": 0.0002857142857142857,
          "R@50": 0.0008571428571428571,
          "R@100": 0.0017142857142857142
        },
        "dendritic_unweighted": {
          "MRR": 0.0006803866243775562,
          "R@20": 0.0002857142857142857,
          "R@50": 0.0008571428571428571,
          "R@100": 0.0014285714285714284
        },
        "dendritic_softmax": {
          "MRR": 0.0005920913836665099,
          "R@20": 0.0,
          "R@50": 0.0005714285714285714,
          "R@100": 0.0014285714285714284
        },
        "hybrid_hop2_0.5": {
          "MRR": 0.0004470727715361359,
          "R@20": 0.0,
          "R@50": 0.0005714285714285714,
          "R@100": 0.0005714285714285714
        },
        "cosine_hop2": {
          "MRR": 0.00045049303935949694,
          "R@20": 0.0,
          "R@50": 0.0005714285714285714,
          "R@100": 0.0011428571428571427
        },
        "cosine_direct": {
          "MRR": 0.0006108965905046105,
          "R@20": 0.0002857142857142857,
          "R@50": 0.0005714285714285714,
          "R@100": 0.0005714285714285714
        }
      },
      "diagnostics": {
        "bridge_found_pct": 0.0,
        "target_reachable_pct": 0.0
      }
    },
    "K=200": {
      "approaches": {
        "pred_1hop": {
          "MRR": 0.001253177315196248,
          "R@20": 0.0005714285714285714,
          "R@50": 0.001714285714285714,
          "R@100": 0.0025
        },
        "pred_weighted": {
          "MRR": 0.0004013096829611992,
          "R@20": 0.0,
          "R@50": 0.0002857142857142857,
          "R@100": 0.0005714285714285714
        },
        "dendritic_unweighted": {
          "MRR": 0.0004183107203238952,
          "R@20": 0.0,
          "R@50": 0.0002857142857142857,
          "R@100": 0.0005714285714285714
        },
        "dendritic_softmax": {
          "MRR": 0.0003922984911056654,
          "R@20": 0.0,
          "R@50": 0.0,
          "R@100": 0.0008571428571428571
        },
        "hybrid_hop2_0.5": {
          "MRR": 0.00039243509998278367,
          "R@20": 0.0,
          "R@50": 0.0002857142857142857,
          "R@100": 0.0008571428571428571
        },
        "cosine_hop2": {
          "MRR": 0.0004242410680650891,
          "R@20": 0.0,
          "R@50": 0.0005714285714285714,
          "R@100": 0.0008571428571428571
        },
        "cosine_direct": {
          "MRR": 0.0006108965905046105,
          "R@20": 0.0002857142857142857,
          "R@50": 0.0005714285714285714,
          "R@100": 0.0005714285714285714
        }
      },
      "diagnostics": {
        "bridge_found_pct": 0.0,
        "target_reachable_pct": 0.0
      }
    }
  },
  "total_time_sec": 494.42848920822144
}