{
  "diagnostics": {
    "n_bridges": 300,
    "shared_objects_mean": 1.08,
    "embedding_sim_mean": 0.12478364394039924,
    "same_room_pct": 3.0,
    "t1_bridge_count_mean": 6.0,
    "temporal_dist_mean": 21.941111111111113,
    "bridge_associated_pct": 56.666666666666664,
    "oracle_assoc_reachable_pct": 0.0,
    "oracle_cosine_reachable_pct": 2.0
  },
  "approach_comparison": {
    "K=50": {
      "pred_spreading": {
        "R@20": 0.003095238095238095,
        "R@50": 0.00519047619047619,
        "R@100": 0.011888888888888888
      },
      "pred_unweighted": {
        "R@20": 0.003095238095238095,
        "R@50": 0.0057460317460317455,
        "R@100": 0.00807936507936508
      },
      "pred_softmax": {
        "R@20": 0.0026190476190476185,
        "R@50": 0.004126984126984127,
        "R@100": 0.010777777777777778
      },
      "hybrid_hop2_0.3": {
        "R@20": 0.0030952380952380953,
        "R@50": 0.004206349206349206,
        "R@100": 0.007603174603174603
      },
      "hybrid_hop2_0.5": {
        "R@20": 0.0030952380952380953,
        "R@50": 0.005238095238095238,
        "R@100": 0.008714285714285714
      },
      "cosine_hop2": {
        "R@20": 0.0030952380952380953,
        "R@50": 0.004206349206349206,
        "R@100": 0.007126984126984127
      },
      "full_cosine": {
        "R@20": 0.0004761904761904762,
        "R@50": 0.006031746031746032,
        "R@100": 0.007619047619047619
      },
      "cosine_baseline": {
        "R@20": 0.0005555555555555556,
        "R@50": 0.004920634920634921,
        "R@100": 0.010873015873015873
      }
    },
    "K=200": {
      "pred_spreading": {
        "R@20": 0.0021428571428571425,
        "R@50": 0.004793650793650793,
        "R@100": 0.010746031746031745
      },
      "pred_unweighted": {
        "R@20": 0.0021428571428571425,
        "R@50": 0.003761904761904762,
        "R@100": 0.010746031746031745
      },
      "pred_softmax": {
        "R@20": 0.0021428571428571425,
        "R@50": 0.004047619047619047,
        "R@100": 0.011412698412698413
      },
      "hybrid_hop2_0.3": {
        "R@20": 0.0020634920634920637,
        "R@50": 0.0037301587301587303,
        "R@100": 0.006571428571428572
      },
      "hybrid_hop2_0.5": {
        "R@20": 0.0020634920634920637,
        "R@50": 0.004206349206349206,
        "R@100": 0.007126984126984127
      },
      "cosine_hop2": {
        "R@20": 0.0020634920634920637,
        "R@50": 0.0031746031746031746,
        "R@100": 0.00646031746031746
      },
      "full_cosine": {
        "R@20": 0.0010317460317460319,
        "R@50": 0.005952380952380952,
        "R@100": 0.0070634920634920625
      },
      "cosine_baseline": {
        "R@20": 0.0005555555555555556,
        "R@50": 0.004920634920634921,
        "R@100": 0.010873015873015873
      }
    },
    "K=500": {
      "pred_spreading": {
        "R@20": 0.0020634920634920637,
        "R@50": 0.0026190476190476185,
        "R@100": 0.01180952380952381
      },
      "pred_unweighted": {
        "R@20": 0.0020634920634920637,
        "R@50": 0.0026190476190476185,
        "R@100": 0.01180952380952381
      },
      "pred_softmax": {
        "R@20": 0.0026190476190476185,
        "R@50": 0.0035714285714285713,
        "R@100": 0.012444444444444445
      },
      "hybrid_hop2_0.3": {
        "R@20": 0.0020634920634920637,
        "R@50": 0.0031746031746031746,
        "R@100": 0.007126984126984127
      },
      "hybrid_hop2_0.5": {
        "R@20": 0.0020634920634920637,
        "R@50": 0.0037301587301587303,
        "R@100": 0.007047619047619047
      },
      "cosine_hop2": {
        "R@20": 0.0020634920634920637,
        "R@50": 0.0031746031746031746,
        "R@100": 0.006095238095238095
      },
      "full_cosine": {
        "R@20": 0.0015873015873015873,
        "R@50": 0.0015873015873015873,
        "R@100": 0.0070634920634920625
      },
      "cosine_baseline": {
        "R@20": 0.0005555555555555556,
        "R@50": 0.004920634920634921,
        "R@100": 0.010873015873015873
      }
    }
  },
  "dense_bridges": {
    "pred_spreading": {
      "R@20": 0.0,
      "R@50": 0.0,
      "R@100": 0.0019047619047619048
    },
    "cosine_hop2": {
      "R@20": 0.0,
      "R@50": 0.0,
      "R@100": 0.0009523809523809524
    },
    "hybrid_0.5": {
      "R@20": 0.0,
      "R@50": 0.0,
      "R@100": 0.0009523809523809524
    },
    "full_cosine": {
      "R@20": 0.0,
      "R@50": 0.0019047619047619048,
      "R@100": 0.005714285714285714
    },
    "cosine_direct": {
      "R@20": 0.0009523809523809524,
      "R@50": 0.002857142857142857,
      "R@100": 0.005714285714285714
    }
  },
  "config": {
    "epochs": 500,
    "hidden_dim": 1024,
    "best_loss": 0.2867595613839067
  },
  "total_time_sec": 422.80899930000305
}