{
  "config": {
    "embedding_dim": 128,
    "num_rooms": 20,
    "num_objects": 50,
    "num_trajectories": 500,
    "trajectory_length": 100,
    "temporal_window": 5
  },
  "training": {
    "predictor_best_loss": 2.6681665309961162,
    "bilinear_best_loss": 4.9738667411492,
    "num_epochs": 200,
    "loss_history": [
      5.339965864448977,
      4.981168489427181,
      4.906464526568947,
      4.86365842552819,
      4.82874529770672,
      4.800364456923488,
      4.773399667714318,
      4.74702801338012,
      4.718942913437983,
      4.6890238108205216,
      4.65469890943756,
      4.618551035891205,
      4.58373013806273,
      4.544206147750015,
      4.505776522956773,
      4.468065862788515,
      4.433456558004513,
      4.400542089536847,
      4.368930941848276,
      4.338278722349867,
      4.3088218393080835,
      4.281109952314939,
      4.254720704688564,
      4.230532047303746,
      4.205794349437972,
      4.183199720024281,
      4.158595770639067,
      4.136808077497774,
      4.114597548976361,
      4.096772538459613,
      4.074827676931884,
      4.057324126276627,
      4.038110377014503,
      4.019331589778108,
      4.001799098665948,
      3.984230650015894,
      3.965889252195886,
      3.950781791521067,
      3.9337877815626463,
      3.9184632801981483,
      3.901761964404057,
      3.8871360415851477,
      3.8725648246053894,
      3.857971586255673,
      3.842133684739166,
      3.827929123788206,
      3.8148333495428117,
      3.798638573251422,
      3.7864439097769846,
      3.7719290224550392,
      3.7604941363164355,
      3.746112775119225,
      3.732734058985354,
      3.7201633990130363,
      3.7076784332511843,
      3.694895114337376,
      3.681357183368224,
      3.670206491309859,
      3.6572289548202686,
      3.6446959972795456,
      3.633937685576843,
      3.621015710915613,
      3.6088452973302227,
      3.5979367738735357,
      3.585785255259669,
      3.572883411097553,
      3.563333843948434,
      3.5509690923242654,
      3.5403982148378814,
      3.528554096706994,
      3.5181144544680314,
      3.5068263665293897,
      3.4948380941375086,
      3.484219741432776,
      3.4744607803782364,
      3.4631835165753935,
      3.4521717397663987,
      3.4412029368865626,
      3.43050702492823,
      3.421324280513941,
      3.4108782533232826,
      3.399573607106476,
      3.388929165625939,
      3.379092820874418,
      3.3693471649304216,
      3.358559485028005,
      3.348294127724654,
      3.338584679430953,
      3.3282583638658885,
      3.318028684860041,
      3.3087962081090168,
      3.3004552561481284,
      3.290372752050931,
      3.2796746508730377,
      3.269730744759351,
      3.2610574293660135,
      3.2535640615670163,
      3.2435663882108536,
      3.2341166821573455,
      3.2255216663220216,
      3.2150222513140383,
      3.2066652546964916,
      3.198196159706365,
      3.189813742036112,
      3.1807598646039787,
      3.1713800627288773,
      3.163322865516849,
      3.1552845555565128,
      3.146665532995401,
      3.138512322070485,
      3.130359161614551,
      3.1224878934175435,
      3.1134461268684537,
      3.1059261502359083,
      3.0980354083630686,
      3.090941640107526,
      3.082971947029358,
      3.0749161874937085,
      3.068359893729077,
      3.0608933784079717,
      3.053398622255948,
      3.046240975270107,
      3.039662516423828,
      3.0315526483012665,
      3.025653187028695,
      3.0187137321839455,
      3.010995268322317,
      3.0037372237417133,
      2.9969657937887426,
      2.991315953816941,
      2.9850273452320386,
      2.977843014308149,
      2.9727682358444483,
      2.9657149709800312,
      2.9585588449209697,
      2.9530513877007465,
      2.9473988619233102,
      2.940636353244312,
      2.934775467970097,
      2.9298189921462665,
      2.924143596012285,
      2.9167729776963918,
      2.9115520526160124,
      2.905298212852427,
      2.8993453960591227,
      2.894706624609503,
      2.888747924861295,
      2.8840140607481,
      2.878027343868308,
      2.8738574659479337,
      2.8673500170681887,
      2.863866218552706,
      2.8587432315341474,
      2.8514843958867897,
      2.8476744097894184,
      2.842911452091674,
      2.8367149827235507,
      2.832460385950049,
      2.8284616332187498,
      2.8224859385542262,
      2.8181908856451536,
      2.8147234062466904,
      2.8085213536639566,
      2.8035727226642835,
      2.8009547676497806,
      2.794194053666214,
      2.790871873631501,
      2.787423730472676,
      2.781922655915353,
      2.7776771153485034,
      2.7732689667501145,
      2.770141088687254,
      2.7661054643494767,
      2.759970034500588,
      2.7568322640488394,
      2.7524530790891433,
      2.7495563108545182,
      2.7457712747317866,
      2.741475443304801,
      2.7376949188061706,
      2.7341037118697127,
      2.7307088957854035,
      2.7258603458411113,
      2.7215795978448987,
      2.718890862797504,
      2.713726637890723,
      2.7120790138179487,
      2.7068603390388946,
      2.704243682517029,
      2.700150616069665,
      2.696370517503491,
      2.6934695237249215,
      2.690155227577204,
      2.687545092568348,
      2.6832471641820725,
      2.681019219019887,
      2.676791836727186,
      2.6729389617304853,
      2.670897083251529,
      2.6681665309961162
    ]
  },
  "results": [
    {
      "test_name": "association_vs_similarity",
      "predictor": 0.03660185185185185,
      "cosine": 0.0,
      "bilinear": 0.0,
      "details": {
        "recall_at_k": {
          "5": {
            "predictor": 0.022666666666666665,
            "cosine": 0.0,
            "bilinear": 0.0
          },
          "10": {
            "predictor": 0.029838624338624335,
            "cosine": 0.0,
            "bilinear": 0.0
          },
          "20": {
            "predictor": 0.03660185185185185,
            "cosine": 0.0,
            "bilinear": 0.0
          },
          "50": {
            "predictor": 0.05325661375661376,
            "cosine": 0.0,
            "bilinear": 0.0
          }
        },
        "mrr": {
          "predictor": 0.06041554829783005,
          "cosine": 0.0002002957653355389,
          "bilinear": 0.00026434443182126946
        }
      }
    },
    {
      "test_name": "transitive_association",
      "predictor": 0.02,
      "cosine": 0.0,
      "bilinear": 0.0,
      "details": {
        "cross_room": {
          "10": {
            "pred_1hop": 0.02,
            "pred_2hop": 0.015,
            "pred_3hop": 0.01,
            "cosine": 0.0,
            "bilinear": 0.0
          },
          "20": {
            "pred_1hop": 0.04,
            "pred_2hop": 0.02,
            "pred_3hop": 0.015,
            "cosine": 0.0,
            "bilinear": 0.0
          },
          "50": {
            "pred_1hop": 0.06,
            "pred_2hop": 0.02,
            "pred_3hop": 0.025,
            "cosine": 0.0,
            "bilinear": 0.0
          }
        },
        "same_room": {
          "10": {
            "pred_1hop": 0.11,
            "pred_2hop": 0.085,
            "pred_3hop": 0.075,
            "cosine": 0.14,
            "bilinear": 0.09
          },
          "20": {
            "pred_1hop": 0.15,
            "pred_2hop": 0.13,
            "pred_3hop": 0.1,
            "cosine": 0.18,
            "bilinear": 0.135
          },
          "50": {
            "pred_1hop": 0.225,
            "pred_2hop": 0.2,
            "pred_3hop": 0.17,
            "cosine": 0.255,
            "bilinear": 0.22
          }
        }
      }
    },
    {
      "test_name": "decay_ablation",
      "predictor": 0.008888888888888889,
      "cosine": 0.06055555555555556,
      "bilinear": 0.0,
      "details": {
        "steps": [
          50,
          100,
          150,
          200,
          250,
          300,
          350,
          400,
          450
        ],